date,commits,duration_sec,status,repos
2026-05-30,20,38,SUCCESS,1
2026-06-03,20,42,SUCCESS,1
2026-06-03,20,35,SUCCESS,1
2026-06-03,20,40,SUCCESS,1
2026-06-04,20,72,SUCCESS,1
2026-06-05,20,40,SUCCESS,1
2026-06-06,20,45,SUCCESS,1
2026-06-07,20,37,SUCCESS,1
2026-06-08,20,42,SUCCESS,1
2026-06-09,20,39,SUCCESS,1
2026-06-10,20,64,SUCCESS,1
2026-06-11,20,46,SUCCESS,1
2026-06-12,20,38,SUCCESS,1
2026-06-13,20,34,SUCCESS,1
2026-06-13,20,42,SUCCESS,1
2026-06-14,20,71,SUCCESS,1
2026-06-15,20,43,SUCCESS,1
2026-06-16,20,51,SUCCESS,1
2026-06-17,20,79,SUCCESS,1
2026-06-18,20,58,SUCCESS,1
2026-06-19,20,113,SUCCESS,1
2026-06-20,20,37,SUCCESS,1
2026-06-21,20,35,SUCCESS,1
2026-06-22,20,39,SUCCESS,1
2026-06-23,20,39,SUCCESS,1
2026-06-24,20,39,SUCCESS,1
2026-06-25,20,44,SUCCESS,1
2026-06-26,20,103,SUCCESS,1
2026-06-27,20,93,SUCCESS,1
2026-06-28,20,39,SUCCESS,1
2026-06-29,20,40,SUCCESS,1
